position,role,mentality,side,role_code,att_cor,att_cro,att_dri,att_fin,att_fir,att_fre,att_hea,att_lon,att_lth,att_mar,att_pas,att_pen,att_tck,att_tec,att_agg,att_ant,att_bra,att_cmp,att_cnt,att_dec,att_det,att_fla,att_ldr,att_otb,att_pos,att_tea,att_vis,att_wor,att_acc,att_agi,att_bal,att_jum,att_nat,att_pac,att_sta,att_str,att_aer,att_cmd,att_com,att_ecc,att_han,att_kic,att_1v1,att_pun,att_ref,att_tro,att_thr
goal_keeper,goal_keeper,defend,centre,gk_gk_d_c,0,0,0,0,0.1,0,0,0,0,0,0.1,0,0,0,0.1,0.8,0.1,0.1,1,0.8,0.1,0.1,0.1,0.1,1,0.1,0.1,0.1,0.1,1,0.1,0.1,0.1,0.1,0.1,0.1,1,1,1,0.1,1,1,0.8,0.1,1,0.1,0.8
goal_keeper,sweeper_keeper,defend,centre,gk_sk_d_c,0,0,0,0,0.8,0,0,0,0,0,0.8,0,0,0,0.1,1,0.1,0.8,1,0.8,0.1,0.1,0.1,0.1,1,0.1,0.8,0.1,0.8,1,0.1,0.1,0.1,0.1,0.1,0.1,0.8,1,0.8,0.1,0.8,1,1,0.1,1,0.8,0.8
goal_keeper,sweeper_keeper,support,centre,gk_sk_s_c,0,0,0,0,0.8,0,0,0,0,0,0.8,0,0,0,0.1,1,0.1,1,1,0.8,0.1,0.1,0.1,0.1,1,0.1,0.8,0.1,0.8,1,0.1,0.1,0.1,0.1,0.1,0.1,0.8,1,0.8,0.1,0.8,1,1,0.1,1,1,0.8
goal_keeper,sweeper_keeper,attack,centre,gk_sk_a_c,0,0,0,0,0.8,0,0,0,0,0,0.8,0,0,0,0.1,1,0.1,1,1,0.8,0.1,0.1,0.1,0.1,1,0.1,0.8,0.1,0.8,1,0.1,0.1,0.1,0.1,0.1,0.1,0.8,1,0.8,0.8,0.8,1,1,0.1,1,1,0.8
central_defender,no_nonsense_centre_back,defend,centre,cd_nncb_d_c,0.1,0.1,0.1,0.1,0.1,0.1,1,0.1,0.1,1,0.1,0.1,1,0.1,0.8,0.8,0.8,0.1,0.8,0.1,0.1,0.1,0.1,0.1,1,0.1,0.1,0.1,0.1,0.1,0.1,1,0.1,0.8,0.1,1,0,0,0,0,0,0,0,0,0,0,0
central_defender,no_nonsense_centre_back,stopper,centre,cd_nncb_s_c,0.1,0.1,0.1,0.1,0.1,0.1,1,0.1,0.1,0.8,0.1,0.1,1,0.1,1,0.8,1,0.1,0.8,0.1,0.1,0.1,0.1,0.1,1,0.1,0.1,0.1,0.1,0.1,0.1,1,0.1,0.1,0.1,1,0,0,0,0,0,0,0,0,0,0,0
central_defender,no_nonsense_centre_back,cover,centre,cd_nncb_c_c,0.1,0.1,0.1,0.1,0.1,0.1,0.8,0.1,0.1,1,0.1,0.1,1,0.1,0.1,1,0.8,0.1,1,0.1,0.1,0.1,0.1,0.1,1,0.1,0.1,0.1,0.1,0.1,0.1,0.8,0.1,1,0.1,0.8,0,0,0,0,0,0,0,0,0,0,0
central_defender,central_defender,defend,centre,cd_cd_d_c,0.1,0.1,0.1,0.1,0.1,0.1,1,0.1,0.1,1,0.1,0.1,1,0.1,0.8,0.8,0.8,0.8,0.8,0.8,0.1,0.1,0.1,0.1,1,0.1,0.1,0.1,0.1,0.1,0.1,1,0.1,0.8,0.1,1,0,0,0,0,0,0,0,0,0,0,0
central_defender,central_defender,stopper,centre,cd_cd_s_c,0.1,0.1,0.1,0.1,0.1,0.1,1,0.1,0.1,0.8,0.1,0.1,1,0.1,1,0.8,1,0.8,0.8,1,0.1,0.1,0.1,0.1,1,0.1,0.1,0.1,0.1,0.1,0.1,1,0.1,0.1,0.1,1,0,0,0,0,0,0,0,0,0,0,0
central_defender,central_defender,cover,centre,cd_cd_c_c,0.1,0.1,0.1,0.1,0.1,0.1,0.8,0.1,0.1,0.8,0.1,0.1,1,0.1,0.1,1,0.8,0.8,1,1,0.1,0.1,0.1,0.1,1,0.1,0.1,0.1,0.1,0.1,0.1,0.8,0.1,1,0.1,0.8,0,0,0,0,0,0,0,0,0,0,0
central_defender,ball_playing_defender,defend,centre,cd_bpd_d_c,0.1,0.1,0.1,0.1,0.8,0.1,1,0.1,0.1,1,1,0.1,1,0.8,0.8,0.8,0.8,1,0.8,0.8,0.1,0.1,0.1,0.1,1,0.1,0.8,0.1,0.1,0.1,0.1,1,0.1,0.8,0.1,1,0,0,0,0,0,0,0,0,0,0,0
central_defender,ball_playing_defender,stopper,centre,cd_bpd_s_c,0.1,0.1,0.1,0.1,0.8,0.1,1,0.1,0.1,0.8,1,0.1,1,0.8,1,0.8,1,1,0.8,1,0.1,0.1,0.1,0.1,1,0.1,0.8,0.1,0.1,0.1,0.1,1,0.1,0.1,0.1,1,0,0,0,0,0,0,0,0,0,0,0
central_defender,ball_playing_defender,cover,centre,cd_bpd_c_c,0.1,0.1,0.1,0.1,0.8,0.1,0.8,0.1,0.1,1,1,0.1,1,0.8,0.1,1,0.8,1,1,1,0.1,0.1,0.1,0.1,1,0.1,0.8,0.1,0.1,0.1,0.1,0.8,0.1,1,0.1,0.8,0,0,0,0,0,0,0,0,0,0,0
central_defender,libero,support,centre,cd_l_s_c,0.1,0.1,0.8,0.1,1,0.1,0.8,0.1,0.1,1,1,0.1,1,0.8,0.1,1,0.8,1,1,1,0.1,0.8,0.1,0.1,1,1,1,0.1,0.1,0.8,0.8,0.8,0.1,1,0.8,0.8,0,0,0,0,0,0,0,0,0,0,0
central_defender,libero,attack,centre,cd_l_a_c,0.1,0.1,1,0.1,1,0.1,0.8,0.8,0.1,1,1,0.1,1,0.8,0.1,1,0.8,1,1,1,0.1,1,0.1,0.1,1,1,1,0.1,0.8,0.8,0.8,0.8,0.1,1,0.8,0.8,0,0,0,0,0,0,0,0,0,0,0
central_defender,wide_centre_back,defend,centre,cd_wcb_d_c,0.1,1,0.8,0.1,0.1,0.1,1,0.1,0.1,1,0.1,0.1,1,0.1,0.8,0.8,0.8,0.8,0.8,0.8,0.1,0.1,0.1,0.1,1,0.1,0.1,0.8,0.1,0.1,0.1,1,0.1,0.8,1,1,0,0,0,0,0,0,0,0,0,0,0
central_defender,wide_centre_back,support,centre,cd_wcb_s_c,0.1,1,1,0.1,0.1,0.1,1,0.1,0.1,1,0.1,0.1,1,0.1,0.8,0.8,0.8,0.8,0.8,0.8,0.1,0.1,0.1,0.8,1,0.1,0.1,0.8,0.1,0.1,0.1,1,0.1,1,1,1,0,0,0,0,0,0,0,0,0,0,0
central_defender,wide_centre_back,attack,centre,cd_wcb_a_c,0.1,1,1,0.1,0.1,0.1,1,0.1,0.1,1,0.1,0.1,1,0.1,0.8,0.8,0.8,0.8,0.8,0.8,0.1,0.1,0.1,1,0.8,0.1,0.1,0.8,0.1,0.1,0.1,1,0.1,1,1,1,0,0,0,0,0,0,0,0,0,0,0
full_back,no_nonsense_full_back,defend,right,fb_nnfb_d_r,0.1,0.1,0.1,0.1,0.1,0.1,0.8,0.1,0.1,1,0.1,0.1,1,0.1,0.8,1,0.8,0.1,0.8,0.1,0.1,0.1,0.1,0.1,1,0.8,0.1,0.1,0.1,0.1,0.1,0.1,0.1,0.1,0.1,1,0,0,0,0,0,0,0,0,0,0,0
full_back,no_nonsense_full_back,defend,left,fb_nnfb_d_l,0.1,0.1,0.1,0.1,0.1,0.1,0.8,0.1,0.1,1,0.1,0.1,1,0.1,0.8,1,0.8,0.1,0.8,0.1,0.1,0.1,0.1,0.1,1,0.8,0.1,0.1,0.1,0.1,0.1,0.1,0.1,0.1,0.1,1,0,0,0,0,0,0,0,0,0,0,0
full_back,full_back,defend,right,fb_fb_d_r,0.1,0.8,0.1,0.1,0.1,0.1,0.1,0.1,0.1,1,0.8,0.1,1,0.1,0.1,1,0.1,0.8,1,0.8,0.1,0.1,0.1,0.1,1,0.8,0.1,0.1,0.1,0.1,0.1,0.1,0.1,0.8,0.8,0.1,0,0,0,0,0,0,0,0,0,0,0
full_back,full_back,support,right,fb_fb_s_r,0.1,0.8,0.8,0.1,0.1,0.1,0.1,0.1,0.1,1,0.8,0.1,1,0.8,0.1,1,0.1,0.8,1,0.8,0.1,0.1,0.1,0.1,1,1,0.1,1,0.1,0.1,0.1,0.1,0.1,0.8,0.8,0.1,0,0,0,0,0,0,0,0,0,0,0
full_back,full_back,attack,right,fb_fb_a_r,0.1,1,0.8,0.1,0.8,0.1,0.1,0.1,0.1,0.8,0.8,0.1,1,0.8,0.1,1,0.1,0.8,0.8,0.8,0.1,0.1,0.1,0.8,1,1,0.1,1,0.8,0.8,0.1,0.1,0.1,1,1,0.1,0,0,0,0,0,0,0,0,0,0,0
full_back,full_back,defend,left,fb_fb_d_l,0.1,0.8,0.1,0.1,0.1,0.1,0.1,0.1,0.1,1,0.8,0.1,1,0.1,0.1,1,0.1,0.8,1,0.8,0.1,0.1,0.1,0.1,1,0.8,0.1,0.1,0.1,0.1,0.1,0.1,0.1,0.8,0.8,0.1,0,0,0,0,0,0,0,0,0,0,0
full_back,full_back,support,left,fb_fb_s_l,0.1,0.8,0.8,0.1,0.1,0.1,0.1,0.1,0.1,1,0.8,0.1,1,0.8,0.1,1,0.1,0.8,1,0.8,0.1,0.1,0.1,0.1,1,1,0.1,1,0.1,0.1,0.1,0.1,0.1,0.8,0.8,0.1,0,0,0,0,0,0,0,0,0,0,0
full_back,full_back,attack,left,fb_fb_a_l,0.1,1,0.8,0.1,0.8,0.1,0.1,0.1,0.1,0.8,0.8,0.1,1,0.8,0.1,1,0.1,0.8,0.8,0.8,0.1,0.1,0.1,0.8,1,1,0.1,1,0.8,0.8,0.1,0.1,0.1,1,1,0.1,0,0,0,0,0,0,0,0,0,0,0
full_back,wing_back,defend,right,fb_wb_d_r,0.1,0.8,0.8,0.1,0.8,0.1,0.1,0.1,0.1,1,0.8,0.1,1,0.8,0.1,1,0.1,0.1,0.8,0.8,0.1,0.1,0.1,0.8,1,1,0.1,1,1,0.8,0.1,0.1,0.1,0.8,1,0.1,0,0,0,0,0,0,0,0,0,0,0
full_back,wing_back,support,right,fb_wb_s_r,0.1,1,1,0.1,0.8,0.1,0.1,0.1,0.1,1,0.8,0.1,1,0.8,0.1,0.8,0.1,0.1,0.8,0.8,0.1,0.1,0.1,1,0.8,1,0.1,1,1,0.8,0.1,0.1,0.1,0.8,1,0.1,0,0,0,0,0,0,0,0,0,0,0
full_back,wing_back,attack,right,fb_wb_a_r,0.1,1,1,0.1,0.8,0.1,0.1,0.1,0.1,0.8,0.8,0.1,1,1,0.1,0.8,0.1,0.1,0.8,0.8,0.1,0.8,0.1,1,0.8,1,0.1,1,1,0.8,0.1,0.1,0.1,1,1,0.1,0,0,0,0,0,0,0,0,0,0,0
full_back,wing_back,defend,left,fb_wb_d_l,0.1,0.8,0.8,0.1,0.8,0.1,0.1,0.1,0.1,1,0.8,0.1,1,0.8,0.1,1,0.1,0.1,0.8,0.8,0.1,0.1,0.1,0.8,1,1,0.1,1,1,0.8,0.1,0.1,0.1,0.8,1,0.1,0,0,0,0,0,0,0,0,0,0,0
full_back,wing_back,support,left,fb_wb_s_l,0.1,1,1,0.1,0.8,0.1,0.1,0.1,0.1,1,0.8,0.1,1,0.8,0.1,0.8,0.1,0.1,0.8,0.8,0.1,0.1,0.1,1,0.8,1,0.1,1,1,0.8,0.1,0.1,0.1,0.8,1,0.1,0,0,0,0,0,0,0,0,0,0,0
full_back,wing_back,attack,left,fb_wb_a_l,0.1,1,1,0.1,0.8,0.1,0.1,0.1,0.1,0.8,0.8,0.1,1,1,0.1,0.8,0.1,0.1,0.8,0.8,0.1,0.8,0.1,1,0.8,1,0.1,1,1,0.8,0.1,0.1,0.1,1,1,0.1,0,0,0,0,0,0,0,0,0,0,0
full_back,inverted_wing_back,defend,right_inverted,fb_iwb_d_ri,0.1,0.1,0.8,0.1,0.8,0.1,0.1,0.1,0.1,1,1,0.1,1,0.8,0.1,1,0.1,0.1,0.8,1,0.1,0.1,0.1,0.8,1,1,0.1,1,0.8,0.8,0.1,0.1,0.1,0.1,0.8,0.1,0,0,0,0,0,0,0,0,0,0,0
full_back,inverted_wing_back,support,right_inverted,fb_iwb_s_ri,0.1,0.1,0.8,0.1,0.8,0.1,0.1,0.1,0.1,1,1,0.1,1,0.8,0.1,1,0.1,0.8,0.8,1,0.1,0.1,0.1,1,0.8,1,0.1,1,0.8,0.8,0.1,0.1,0.1,0.1,1,0.1,0,0,0,0,0,0,0,0,0,0,0
full_back,inverted_wing_back,attack,right_inverted,fb_iwb_a_ri,0.1,0.1,1,0.1,0.8,0.1,0.1,0.8,0.1,1,1,0.1,1,1,0.1,0.8,0.1,0.8,0.8,1,0.1,0.8,0.1,1,0.8,1,0.1,1,1,0.8,0.1,0.1,0.1,0.8,1,0.1,0,0,0,0,0,0,0,0,0,0,0
full_back,inverted_wing_back,defend,left_inverted,fb_iwb_d_li,0.1,0.1,0.8,0.1,0.8,0.1,0.1,0.1,0.1,1,1,0.1,1,0.8,0.1,1,0.1,0.1,0.8,1,0.1,0.1,0.1,0.8,1,1,0.1,1,0.8,0.8,0.1,0.1,0.1,0.1,0.8,0.1,0,0,0,0,0,0,0,0,0,0,0
full_back,inverted_wing_back,support,left_inverted,fb_iwb_s_li,0.1,0.1,0.8,0.1,0.8,0.1,0.1,0.1,0.1,1,1,0.1,1,0.8,0.1,1,0.1,0.8,0.8,1,0.1,0.1,0.1,1,0.8,1,0.1,1,0.8,0.8,0.1,0.1,0.1,0.1,1,0.1,0,0,0,0,0,0,0,0,0,0,0
full_back,inverted_wing_back,attack,left_inverted,fb_iwb_a_li,0.1,0.1,1,0.1,0.8,0.1,0.1,0.8,0.1,1,1,0.1,1,1,0.1,0.8,0.1,0.8,0.8,1,0.1,0.8,0.1,1,0.8,1,0.1,1,1,0.8,0.1,0.1,0.1,0.8,1,0.1,0,0,0,0,0,0,0,0,0,0,0
full_back,complete_wing_back,support,right,fb_cwb_s_r,0.1,1,1,0.1,1,0.1,0.1,0.1,0.1,0.1,1,0.1,0.8,1,0.1,0.8,0.1,0.8,0.1,1,0.1,0.8,0.1,1,0.1,1,0.1,1,1,0.8,0.8,0.1,0.1,1,1,0.1,0,0,0,0,0,0,0,0,0,0,0
full_back,complete_wing_back,attack,right,fb_cwb_a_r,0.1,1,1,0.1,1,0.1,0.1,0.1,0.1,0.1,1,0.1,0.8,1,0.1,0.8,0.1,0.8,0.1,1,0.1,1,0.1,1,0.1,1,0.1,1,1,0.8,0.8,0.1,0.1,1,1,0.1,0,0,0,0,0,0,0,0,0,0,0
full_back,complete_wing_back,support,left,fb_cwb_s_l,0.1,1,1,0.1,1,0.1,0.1,0.1,0.1,0.1,1,0.1,0.8,1,0.1,0.8,0.1,0.8,0.1,1,0.1,0.8,0.1,1,0.1,1,0.1,1,1,0.8,0.8,0.1,0.1,1,1,0.1,0,0,0,0,0,0,0,0,0,0,0
full_back,complete_wing_back,attack,left,fb_cwb_a_l,0.1,1,1,0.1,1,0.1,0.1,0.1,0.1,0.1,1,0.1,0.8,1,0.1,0.8,0.1,0.8,0.1,1,0.1,1,0.1,1,0.1,1,0.1,1,1,0.8,0.8,0.1,0.1,1,1,0.1,0,0,0,0,0,0,0,0,0,0,0
wing_back,wing_back,defend,right,wb_wb_d_r,0.1,0.8,0.8,0.1,0.8,0.1,0.1,0.1,0.1,1,0.8,0.1,1,0.8,0.1,1,0.1,0.1,0.8,0.8,0.1,0.1,0.1,0.8,1,1,0.1,1,1,0.8,0.1,0.1,0.1,0.8,1,0.1,0,0,0,0,0,0,0,0,0,0,0
wing_back,wing_back,support,right,wb_wb_s_r,0.1,1,1,0.1,0.8,0.1,0.1,0.1,0.1,1,0.8,0.1,1,0.8,0.1,0.8,0.1,0.1,0.8,0.8,0.1,0.1,0.1,1,0.8,1,0.1,1,1,0.8,0.1,0.1,0.1,0.8,1,0.1,0,0,0,0,0,0,0,0,0,0,0
wing_back,wing_back,attack,right,wb_wb_a_r,0.1,1,1,0.1,0.8,0.1,0.1,0.1,0.1,0.8,0.8,0.1,1,1,0.1,0.8,0.1,0.1,0.8,0.8,0.1,0.8,0.1,1,0.8,1,0.1,1,1,0.8,0.1,0.1,0.1,1,1,0.1,0,0,0,0,0,0,0,0,0,0,0
wing_back,wing_back,defend,left,wb_wb_d_l,0.1,0.8,0.8,0.1,0.8,0.1,0.1,0.1,0.1,1,0.8,0.1,1,0.8,0.1,1,0.1,0.1,0.8,0.8,0.1,0.1,0.1,0.8,1,1,0.1,1,1,0.8,0.1,0.1,0.1,0.8,1,0.1,0,0,0,0,0,0,0,0,0,0,0
wing_back,wing_back,support,left,wb_wb_s_l,0.1,1,1,0.1,0.8,0.1,0.1,0.1,0.1,1,0.8,0.1,1,0.8,0.1,0.8,0.1,0.1,0.8,0.8,0.1,0.1,0.1,1,0.8,1,0.1,1,1,0.8,0.1,0.1,0.1,0.8,1,0.1,0,0,0,0,0,0,0,0,0,0,0
wing_back,wing_back,attack,left,wb_wb_a_l,0.1,1,1,0.1,0.8,0.1,0.1,0.1,0.1,0.8,0.8,0.1,1,1,0.1,0.8,0.1,0.1,0.8,0.8,0.1,0.8,0.1,1,0.8,1,0.1,1,1,0.8,0.1,0.1,0.1,1,1,0.1,0,0,0,0,0,0,0,0,0,0,0
wing_back,inverted_wing_back,defend,right_inverted,wb_iwb_d_ri,0.1,0.1,0.8,0.1,0.8,0.1,0.1,0.1,0.1,1,1,0.1,1,0.8,0.1,1,0.1,0.1,0.8,1,0.1,0.1,0.1,0.8,1,1,0.1,1,0.8,0.8,0.1,0.1,0.1,0.1,0.8,0.1,0,0,0,0,0,0,0,0,0,0,0
wing_back,inverted_wing_back,support,right_inverted,wb_iwb_s_ri,0.1,0.1,0.8,0.1,0.8,0.1,0.1,0.1,0.1,1,1,0.1,1,0.8,0.1,1,0.1,0.8,0.8,1,0.1,0.1,0.1,1,0.8,1,0.1,1,0.8,0.8,0.1,0.1,0.1,0.1,1,0.1,0,0,0,0,0,0,0,0,0,0,0
wing_back,inverted_wing_back,attack,right_inverted,wb_iwb_a_ri,0.1,0.1,1,0.1,0.8,0.1,0.1,0.8,0.1,1,1,0.1,1,1,0.1,0.8,0.1,0.8,0.8,1,0.1,0.8,0.1,1,0.8,1,0.1,1,1,0.8,0.1,0.1,0.1,0.8,1,0.1,0,0,0,0,0,0,0,0,0,0,0
wing_back,inverted_wing_back,defend,left_inverted,wb_iwb_d_li,0.1,0.1,0.8,0.1,0.8,0.1,0.1,0.1,0.1,1,1,0.1,1,0.8,0.1,1,0.1,0.1,0.8,1,0.1,0.1,0.1,0.8,1,1,0.1,1,0.8,0.8,0.1,0.1,0.1,0.1,0.8,0.1,0,0,0,0,0,0,0,0,0,0,0
wing_back,inverted_wing_back,support,left_inverted,wb_iwb_s_li,0.1,0.1,0.8,0.1,0.8,0.1,0.1,0.1,0.1,1,1,0.1,1,0.8,0.1,1,0.1,0.8,0.8,1,0.1,0.1,0.1,1,0.8,1,0.1,1,0.8,0.8,0.1,0.1,0.1,0.1,1,0.1,0,0,0,0,0,0,0,0,0,0,0
wing_back,inverted_wing_back,attack,left_inverted,wb_iwb_a_li,0.1,0.1,1,0.1,0.8,0.1,0.1,0.8,0.1,1,1,0.1,1,1,0.1,0.8,0.1,0.8,0.8,1,0.1,0.8,0.1,1,0.8,1,0.1,1,1,0.8,0.1,0.1,0.1,0.8,1,0.1,0,0,0,0,0,0,0,0,0,0,0
wing_back,complete_wing_back,support,right,wb_cwb_s_r,0.1,1,1,0.1,1,0.1,0.1,0.1,0.1,0.1,1,0.1,0.8,1,0.1,0.8,0.1,0.8,0.1,1,0.1,0.8,0.1,1,0.1,1,0.1,1,1,0.8,0.8,0.1,0.1,1,1,0.1,0,0,0,0,0,0,0,0,0,0,0
wing_back,complete_wing_back,attack,right,wb_cwb_a_r,0.1,1,1,0.1,1,0.1,0.1,0.1,0.1,0.1,1,0.1,0.8,1,0.1,0.8,0.1,0.8,0.1,1,0.1,1,0.1,1,0.1,1,0.1,1,1,0.8,0.8,0.1,0.1,1,1,0.1,0,0,0,0,0,0,0,0,0,0,0
wing_back,complete_wing_back,support,left,wb_cwb_s_l,0.1,1,1,0.1,1,0.1,0.1,0.1,0.1,0.1,1,0.1,0.8,1,0.1,0.8,0.1,0.8,0.1,1,0.1,0.8,0.1,1,0.1,1,0.1,1,1,0.8,0.8,0.1,0.1,1,1,0.1,0,0,0,0,0,0,0,0,0,0,0
wing_back,complete_wing_back,attack,left,wb_cwb_a_l,0.1,1,1,0.1,1,0.1,0.1,0.1,0.1,0.1,1,0.1,0.8,1,0.1,0.8,0.1,0.8,0.1,1,0.1,1,0.1,1,0.1,1,0.1,1,1,0.8,0.8,0.1,0.1,1,1,0.1,0,0,0,0,0,0,0,0,0,0,0
defensive_midfielder,anchor,defend,centre,dm_a_d_c,0.1,0.1,0.1,0.1,0.1,0.1,0.1,0.1,0.1,1,0.1,0.1,1,0.1,0.1,1,0.1,0.8,1,1,0.1,0.1,0.1,0.1,1,0.8,0.1,0.1,0.1,0.1,0.1,0.1,0.1,0.1,0.1,0.8,0,0,0,0,0,0,0,0,0,0,0
defensive_midfielder,deep_lying_playmaker,defend,centre,dm_dlp_d_c,0.1,0.1,0.1,0.1,1,0.1,0.1,0.1,0.1,0.1,1,0.1,0.8,1,0.1,0.8,0.1,1,0.1,1,0.1,0.1,0.1,0.1,0.8,1,1,0.1,0.1,0.1,0.8,0.1,0.1,0.1,0.1,0.1,0,0,0,0,0,0,0,0,0,0,0
defensive_midfielder,deep_lying_playmaker,support,centre,dm_dlp_s_c,0.1,0.1,0.1,0.1,1,0.1,0.1,0.1,0.1,0.1,1,0.1,0.1,1,0.1,0.8,0.1,1,0.1,1,0.1,0.1,0.1,0.8,0.8,1,1,0.1,0.1,0.1,0.8,0.1,0.1,0.1,0.1,0.1,0,0,0,0,0,0,0,0,0,0,0
defensive_midfielder,regista,support,centre,dm_r_s_c,0.1,0.1,0.8,0.1,1,0.1,0.1,0.8,0.1,0.1,1,0.1,0.1,1,0.1,0.8,0.1,1,0.1,1,0.1,1,0.1,1,0.1,1,1,0.1,0.1,0.1,0.8,0.1,0.1,0.1,0.1,0.1,0,0,0,0,0,0,0,0,0,0,0
defensive_midfielder,defensive_midfielder,defend,centre,dm_dm_d_c,0.1,0.1,0.1,0.1,0.1,0.1,0.1,0.1,0.1,0.8,0.8,0.1,1,0.1,0.8,1,0.1,0.8,1,0.8,0.1,0.1,0.1,0.1,1,1,0.1,0.8,0.1,0.1,0.1,0.1,0.1,0.1,0.8,0.8,0,0,0,0,0,0,0,0,0,0,0
defensive_midfielder,defensive_midfielder,support,centre,dm_dm_s_c,0.1,0.1,0.1,0.1,0.8,0.1,0.1,0.1,0.1,0.8,0.8,0.1,1,0.1,0.8,1,0.1,0.8,1,0.8,0.1,0.1,0.1,0.1,1,1,0.1,0.8,0.1,0.1,0.1,0.1,0.1,0.1,0.8,0.8,0,0,0,0,0,0,0,0,0,0,0
defensive_midfielder,ball_winning_midfielder,defend,centre,dm_bwm_d_c,0.1,0.1,0.1,0.1,0.1,0.1,0.1,0.1,0.1,0.8,0.1,0.1,1,0.1,1,1,0.8,0.1,0.8,0.1,0.1,0.1,0.1,0.1,0.8,1,0.1,1,0.1,0.8,0.1,0.1,0.1,0.8,1,0.8,0,0,0,0,0,0,0,0,0,0,0
defensive_midfielder,ball_winning_midfielder,support,centre,dm_bwm_s_c,0.1,0.1,0.1,0.1,0.1,0.1,0.1,0.1,0.1,0.8,0.8,0.1,1,0.1,1,1,0.8,0.1,0.8,0.1,0.1,0.1,0.1,0.1,0.8,1,0.1,1,0.1,0.8,0.1,0.1,0.1,0.8,1,0.8,0,0,0,0,0,0,0,0,0,0,0
defensive_midfielder,segundo_volante,support,centre,dm_sv_s_c,0.1,0.1,0.1,0.8,0.8,0.1,0.1,0.8,0.1,1,1,0.1,1,0.1,0.1,0.8,0.1,0.8,0.8,0.8,0.1,0.1,0.1,1,1,0.1,0.1,1,0.8,0.1,0.8,0.1,0.1,1,1,0.8,0,0,0,0,0,0,0,0,0,0,0
defensive_midfielder,segundo_volante,attack,centre,dm_sv_a_c,0.1,0.1,0.1,1,0.8,0.1,0.1,1,0.1,0.8,1,0.1,1,0.1,0.1,1,0.1,0.8,0.8,0.8,0.1,0.1,0.1,1,1,0.1,0.1,1,0.8,0.1,0.8,0.1,0.1,1,1,0.8,0,0,0,0,0,0,0,0,0,0,0
defensive_midfielder,half_back,defend,centre,dm_hb_d_c,0.1,0.1,0.1,0.1,0.8,0.1,0.1,0.1,0.1,1,0.8,0.1,1,0.1,0.8,1,0.8,1,1,1,0.1,0.1,0.1,0.1,1,1,0.1,0.8,0.1,0.1,0.1,0.8,0.1,0.1,0.8,0.8,0,0,0,0,0,0,0,0,0,0,0
defensive_midfielder,roaming_playmaker,support,centre,dm_rp_s_c,0.1,0.1,0.8,0.1,1,0.1,0.1,0.8,0.1,0.1,1,0.1,0.1,1,0.1,1,0.1,1,0.8,1,0.1,0.1,0.1,1,0.8,1,1,1,1,0.8,0.8,0.1,0.1,0.8,1,0.1,0,0,0,0,0,0,0,0,0,0,0
central_midfielder,roaming_playmaker,support,centre,cm_rp_s_c,0.1,0.1,0.8,0.1,1,0.1,0.1,0.8,0.1,0.1,1,0.1,0.1,1,0.1,1,0.1,1,0.8,1,0.1,0.1,0.1,1,0.8,1,1,1,1,0.8,0.8,0.1,0.1,0.8,1,0.1,0,0,0,0,0,0,0,0,0,0,0
central_midfielder,ball_winning_midfielder,defend,centre,cm_bwm_d_c,0.1,0.1,0.1,0.1,0.1,0.1,0.1,0.1,0.1,0.8,0.1,0.1,1,0.1,1,1,0.8,0.1,0.8,0.1,0.1,0.1,0.1,0.1,0.8,1,0.1,1,0.1,0.8,0.1,0.1,0.1,0.8,1,0.8,0,0,0,0,0,0,0,0,0,0,0
central_midfielder,ball_winning_midfielder,support,centre,cm_bwm_s_c,0.1,0.1,0.1,0.1,0.1,0.1,0.1,0.1,0.1,0.8,0.8,0.1,1,0.1,1,1,0.8,0.1,0.8,0.1,0.1,0.1,0.1,0.1,0.8,1,0.1,1,0.1,0.8,0.1,0.1,0.1,0.8,1,0.8,0,0,0,0,0,0,0,0,0,0,0
central_midfielder,deep_lying_playmaker,defend,centre,cm_dlp_d_c,0.1,0.1,0.1,0.1,1,0.1,0.1,0.1,0.1,0.1,1,0.1,0.8,1,0.1,0.8,0.1,1,0.1,1,0.1,0.1,0.1,0.1,0.8,1,1,0.1,0.1,0.1,0.8,0.1,0.1,0.1,0.1,0.1,0,0,0,0,0,0,0,0,0,0,0
central_midfielder,deep_lying_playmaker,support,centre,cm_dlp_s_c,0.1,0.1,0.1,0.1,1,0.1,0.1,0.1,0.1,0.1,1,0.1,0.1,1,0.1,0.8,0.1,1,0.1,1,0.1,0.1,0.1,0.8,0.8,1,1,0.1,0.1,0.1,0.8,0.1,0.1,0.1,0.1,0.1,0,0,0,0,0,0,0,0,0,0,0
central_midfielder,carrilero,support,centre,cm_c_s_c,0.1,0.1,0.1,0.1,1,0.1,0.1,0.1,0.1,0.1,1,0.1,1,0.8,0.1,0.8,0.1,0.8,0.8,1,0.1,0.1,0.1,0.8,1,1,0.8,0.8,0.1,0.1,0.1,0.1,0.1,0.1,1,0.1,0,0,0,0,0,0,0,0,0,0,0
central_midfielder,central_midfielder,defend,centre,cm_cm_d_c,0.1,0.1,0.1,0.1,0.8,0.1,0.1,0.1,0.1,0.8,0.8,0.1,1,0.8,0.8,0.8,0.1,0.8,1,1,0.1,0.1,0.1,0.1,1,1,0.1,0.8,0.1,0.1,0.1,0.1,0.1,0.1,0.8,0.1,0,0,0,0,0,0,0,0,0,0,0
central_midfielder,central_midfielder,support,centre,cm_cm_s_c,0.1,0.1,0.1,0.1,1,0.1,0.1,0.1,0.1,0.1,1,0.1,1,0.8,0.1,0.8,0.1,0.8,0.8,1,0.1,0.1,0.1,0.8,0.1,1,0.8,0.8,0.1,0.1,0.1,0.1,0.1,0.1,0.8,0.1,0,0,0,0,0,0,0,0,0,0,0
central_midfielder,central_midfielder,attack,centre,cm_cm_a_c,0.1,0.1,0.1,0.1,1,0.1,0.1,0.8,0.1,0.1,1,0.1,0.8,0.8,0.1,0.8,0.1,0.8,0.1,1,0.1,0.1,0.1,1,0.1,0.8,0.8,0.8,0.8,0.1,0.1,0.1,0.1,0.1,0.8,0.1,0,0,0,0,0,0,0,0,0,0,0
central_midfielder,box_to_box_midfielder,support,centre,cm_btbm_s_c,0.1,0.1,0.8,0.8,0.8,0.1,0.1,0.8,0.1,0.1,1,0.1,1,0.8,0.8,0.8,0.1,0.8,0.1,0.8,0.1,0.1,0.1,1,0.8,1,0.1,1,0.8,0.1,0.8,0.1,0.1,0.8,1,0.8,0,0,0,0,0,0,0,0,0,0,0
central_midfielder,mezzala,support,centre,cm_m_s_c,0.1,0.1,0.8,0.1,0.8,0.1,0.1,0.8,0.1,0.1,1,0.1,0.8,1,0.1,0.8,0.1,0.8,0.1,1,0.1,0.1,0.1,1,0.1,0.1,0.8,1,1,0.1,0.8,0.1,0.1,0.1,0.8,0.1,0,0,0,0,0,0,0,0,0,0,0
central_midfielder,mezzala,attack,centre,cm_m_a_c,0.1,0.1,1,0.8,0.8,0.1,0.1,0.8,0.1,0.1,1,0.1,0.1,1,0.1,0.8,0.1,0.8,0.1,1,0.1,0.8,0.1,1,0.1,0.1,1,1,1,0.1,0.8,0.1,0.1,0.1,0.8,0.1,0,0,0,0,0,0,0,0,0,0,0
central_midfielder,advanced_playmaker,support,centre,cm_ap_s_c,0.1,0.1,0.8,0.1,1,0.1,0.1,0.1,0.1,0.1,1,0.1,0.1,1,0.1,0.8,0.1,1,0.1,1,0.1,0.8,0.1,1,0.1,1,1,0.1,0.1,0.8,0.1,0.1,0.1,0.1,0.1,0.1,0,0,0,0,0,0,0,0,0,0,0
central_midfielder,advanced_playmaker,attack,centre,cm_ap_a_c,0.1,0.1,1,0.1,1,0.1,0.1,0.1,0.1,0.1,1,0.1,0.1,1,0.1,0.8,0.1,1,0.1,1,0.1,0.8,0.1,1,0.1,1,1,0.1,0.8,0.8,0.1,0.1,0.1,0.1,0.1,0.1,0,0,0,0,0,0,0,0,0,0,0
wide_midfielder,winger,support,right,wm_w_s_r,0.1,1,1,0.1,0.8,0.1,0.1,0.1,0.1,0.1,0.8,0.1,0.1,1,0.1,0.1,0.1,0.1,0.1,0.1,0.1,0.1,0.1,1,0.1,0.1,0.1,0.8,1,0.8,0.1,0.1,0.1,1,0.8,0.1,0,0,0,0,0,0,0,0,0,0,0
wide_midfielder,winger,attack,right,wm_w_a_r,0.1,1,1,0.1,0.8,0.1,0.1,0.1,0.1,0.1,0.8,0.1,0.1,1,0.1,0.8,0.1,0.1,0.1,0.1,0.1,0.8,0.1,1,0.1,0.1,0.1,0.8,1,0.8,0.1,0.1,0.1,1,0.1,0.1,0,0,0,0,0,0,0,0,0,0,0
wide_midfielder,winger,support,left,wm_w_s_l,0.1,1,1,0.1,0.8,0.1,0.1,0.1,0.1,0.1,0.8,0.1,0.1,1,0.1,0.1,0.1,0.1,0.1,0.1,0.1,0.1,0.1,1,0.1,0.1,0.1,0.8,1,0.8,0.1,0.1,0.1,1,0.8,0.1,0,0,0,0,0,0,0,0,0,0,0
wide_midfielder,winger,attack,left,wm_w_a_l,0.1,1,1,0.1,0.8,0.1,0.1,0.1,0.1,0.1,0.8,0.1,0.1,1,0.1,0.8,0.1,0.1,0.1,0.1,0.1,0.8,0.1,1,0.1,0.1,0.1,0.8,1,0.8,0.1,0.1,0.1,1,0.1,0.1,0,0,0,0,0,0,0,0,0,0,0
wide_midfielder,defensive_winger,defend,right,wm_dw_d_r,0.1,0.8,0.8,0.1,0.8,0.1,0.1,0.1,0.1,0.8,0.1,0.1,0.8,1,0.8,1,0.1,0.1,0.8,0.8,0.1,0.1,0.1,1,1,1,0.1,1,0.8,0.1,0.1,0.1,0.1,0.1,1,0.1,0,0,0,0,0,0,0,0,0,0,0
wide_midfielder,defensive_winger,support,right,wm_dw_s_r,0.1,1,0.8,0.1,0.8,0.1,0.1,0.1,0.1,0.8,0.8,0.1,0.8,1,0.8,0.8,0.1,0.8,0.8,0.8,0.1,0.1,0.1,1,0.8,1,0.1,1,0.8,0.1,0.1,0.1,0.1,0.1,1,0.1,0,0,0,0,0,0,0,0,0,0,0
wide_midfielder,defensive_winger,defend,left,wm_dw_d_l,0.1,0.8,0.8,0.1,0.8,0.1,0.1,0.1,0.1,0.8,0.1,0.1,0.8,1,0.8,1,0.1,0.1,0.8,0.8,0.1,0.1,0.1,1,1,1,0.1,1,0.8,0.1,0.1,0.1,0.1,0.1,1,0.1,0,0,0,0,0,0,0,0,0,0,0
wide_midfielder,defensive_winger,support,left,wm_dw_s_l,0.1,1,0.8,0.1,0.8,0.1,0.1,0.1,0.1,0.8,0.8,0.1,0.8,1,0.8,0.8,0.1,0.8,0.8,0.8,0.1,0.1,0.1,1,0.8,1,0.1,1,0.8,0.1,0.1,0.1,0.1,0.1,1,0.1,0,0,0,0,0,0,0,0,0,0,0
wide_midfielder,wide_midfielder,defend,right,wm_wm_d_r,0.1,0.8,0.1,0.1,0.8,0.1,0.1,0.1,0.1,0.8,1,0.1,1,0.8,0.1,0.8,0.1,0.8,1,1,0.1,0.1,0.1,0.1,1,1,0.1,1,0.1,0.1,0.1,0.1,0.1,0.1,0.8,0.1,0,0,0,0,0,0,0,0,0,0,0
wide_midfielder,wide_midfielder,support,right,wm_wm_s_r,0.1,0.8,0.1,0.1,0.8,0.1,0.1,0.1,0.1,0.1,1,0.1,1,0.8,0.1,0.8,0.1,0.8,0.8,1,0.1,0.1,0.1,0.8,0.8,1,0.8,1,0.1,0.1,0.1,0.1,0.1,0.1,1,0.1,0,0,0,0,0,0,0,0,0,0,0
wide_midfielder,wide_midfielder,attack,right,wm_wm_a_r,0.1,1,0.1,0.1,1,0.1,0.1,0.1,0.1,0.1,1,0.1,0.8,0.8,0.1,0.8,0.1,0.8,0.1,1,0.1,0.1,0.1,0.8,0.1,1,0.8,1,0.1,0.1,0.1,0.1,0.1,0.1,1,0.1,0,0,0,0,0,0,0,0,0,0,0
wide_midfielder,wide_midfielder,defend,left,wm_wm_d_l,0.1,0.8,0.1,0.1,0.8,0.1,0.1,0.1,0.1,0.8,1,0.1,1,0.8,0.1,0.8,0.1,0.8,1,1,0.1,0.1,0.1,0.1,1,1,0.1,1,0.1,0.1,0.1,0.1,0.1,0.1,0.8,0.1,0,0,0,0,0,0,0,0,0,0,0
wide_midfielder,wide_midfielder,support,left,wm_wm_s_l,0.1,0.8,0.1,0.1,0.8,0.1,0.1,0.1,0.1,0.1,1,0.1,1,0.8,0.1,0.8,0.1,0.8,0.8,1,0.1,0.1,0.1,0.8,0.8,1,0.8,1,0.1,0.1,0.1,0.1,0.1,0.1,1,0.1,0,0,0,0,0,0,0,0,0,0,0
wide_midfielder,wide_midfielder,attack,left,wm_wm_a_l,0.1,1,0.1,0.1,1,0.1,0.1,0.1,0.1,0.1,1,0.1,0.8,0.8,0.1,0.8,0.1,0.8,0.1,1,0.1,0.1,0.1,0.8,0.1,1,0.8,1,0.1,0.1,0.1,0.1,0.1,0.1,1,0.1,0,0,0,0,0,0,0,0,0,0,0
wide_midfielder,inverted_winger,support,right_inverted,wm_iw_s_ri,0.1,0.8,1,0.1,0.8,0.1,0.1,0.8,0.1,0.1,1,0.1,0.1,1,0.1,0.1,0.1,0.8,0.1,0.8,0.1,0.1,0.1,1,0.1,0.1,0.8,0.8,1,0.8,0.1,0.1,0.1,0.8,0.8,0.1,0,0,0,0,0,0,0,0,0,0,0
wide_midfielder,inverted_winger,attack,right_inverted,wm_iw_a_ri,0.1,0.8,1,0.1,0.8,0.1,0.1,0.8,0.1,0.1,1,0.1,0.1,1,0.1,0.8,0.1,0.8,0.1,0.8,0.1,0.8,0.1,1,0.1,0.1,0.8,0.1,1,1,0.1,0.1,0.1,0.8,0.1,0.1,0,0,0,0,0,0,0,0,0,0,0
wide_midfielder,inverted_winger,support,left_inverted,wm_iw_s_li,0.1,0.8,1,0.1,0.8,0.1,0.1,0.8,0.1,0.1,1,0.1,0.1,1,0.1,0.1,0.1,0.8,0.1,0.8,0.1,0.1,0.1,1,0.1,0.1,0.8,0.8,1,0.8,0.1,0.1,0.1,0.8,0.8,0.1,0,0,0,0,0,0,0,0,0,0,0
wide_midfielder,inverted_winger,attack,left_inverted,wm_iw_a_li,0.1,0.8,1,0.1,0.8,0.1,0.1,0.8,0.1,0.1,1,0.1,0.1,1,0.1,0.8,0.1,0.8,0.1,0.8,0.1,0.8,0.1,1,0.1,0.1,0.8,0.1,1,1,0.1,0.1,0.1,0.8,0.1,0.1,0,0,0,0,0,0,0,0,0,0,0
wide_midfielder,wide_playmaker,support,right,wm_wp_s_r,0.1,0.1,0.8,0.1,1,0.1,0.1,0.1,0.1,0.1,1,0.1,0.1,1,0.1,0.1,0.1,1,0.1,1,0.1,0.1,0.1,0.8,0.1,1,1,0.1,0.1,0.8,0.1,0.1,0.1,0.1,0.1,0.1,0,0,0,0,0,0,0,0,0,0,0
wide_midfielder,wide_playmaker,attack,right,wm_wp_a_r,0.1,0.1,1,0.1,1,0.1,0.1,0.1,0.1,0.1,1,0.1,0.1,1,0.1,0.8,0.1,1,0.1,1,0.1,0.8,0.1,1,0.1,1,1,0.1,0.8,0.8,0.1,0.1,0.1,0.1,0.1,0.1,0,0,0,0,0,0,0,0,0,0,0
wide_midfielder,wide_playmaker,support,left,wm_wp_s_l,0.1,0.1,0.8,0.1,1,0.1,0.1,0.1,0.1,0.1,1,0.1,0.1,1,0.1,0.1,0.1,1,0.1,1,0.1,0.1,0.1,0.8,0.1,1,1,0.1,0.1,0.8,0.1,0.1,0.1,0.1,0.1,0.1,0,0,0,0,0,0,0,0,0,0,0
wide_midfielder,wide_playmaker,attack,left,wm_wp_a_l,0.1,0.1,1,0.1,1,0.1,0.1,0.1,0.1,0.1,1,0.1,0.1,1,0.1,0.8,0.1,1,0.1,1,0.1,0.8,0.1,1,0.1,1,1,0.1,0.8,0.8,0.1,0.1,0.1,0.1,0.1,0.1,0,0,0,0,0,0,0,0,0,0,0
attacking_midfielder,shadow_striker,attack,centre,am_ss_a_c,0.1,0.1,1,1,1,0.1,0.1,0.1,0.1,0.1,0.8,0.1,0.1,0.8,0.1,1,0.1,1,0.8,0.8,0.1,0.1,0.1,1,0.1,0.1,0.1,0.8,1,0.8,0.8,0.1,0.1,0.8,0.8,0.1,0,0,0,0,0,0,0,0,0,0,0
attacking_midfielder,advanced_playmaker,support,centre,am_ap_s_c,0.1,0.1,0.8,0.1,1,0.1,0.1,0.1,0.1,0.1,1,0.1,0.1,1,0.1,0.8,0.1,1,0.1,1,0.1,0.8,0.1,1,0.1,1,1,0.1,0.1,0.8,0.1,0.1,0.1,0.1,0.1,0.1,0,0,0,0,0,0,0,0,0,0,0
attacking_midfielder,advanced_playmaker,attack,centre,am_ap_a_c,0.1,0.1,1,0.1,1,0.1,0.1,0.1,0.1,0.1,1,0.1,0.1,1,0.1,0.8,0.1,1,0.1,1,0.1,0.8,0.1,1,0.1,1,1,0.1,0.8,0.8,0.1,0.1,0.1,0.1,0.1,0.1,0,0,0,0,0,0,0,0,0,0,0
attacking_midfielder,attacking_midfielder,support,centre,am_am_s_c,0.1,0.1,0.8,0.1,1,0.1,0.1,1,0.1,0.1,1,0.1,0.1,1,0.1,1,0.1,0.8,0.1,1,0.1,1,0.1,1,0.1,0.1,0.8,0.1,0.1,0.8,0.1,0.1,0.1,0.1,0.1,0.1,0,0,0,0,0,0,0,0,0,0,0
attacking_midfielder,attacking_midfielder,attack,centre,am_am_a_c,0.1,0.1,1,0.8,1,0.1,0.1,1,0.1,0.1,1,0.1,0.1,1,0.1,1,0.1,0.8,0.1,1,0.1,1,0.1,1,0.1,0.1,0.8,0.1,0.1,0.8,0.1,0.1,0.1,0.1,0.1,0.1,0,0,0,0,0,0,0,0,0,0,0
attacking_midfielder,enganche,support,centre,am_e_s_c,0.1,0.1,0.8,0.1,1,0.1,0.1,0.1,0.1,0.1,1,0.1,0.1,1,0.1,0.8,0.1,1,0.1,1,0.1,0.8,0.1,0.8,0.1,0.8,1,0.1,0.1,0.8,0.1,0.1,0.1,0.1,0.1,0.1,0,0,0,0,0,0,0,0,0,0,0
attacking_midfielder,trequartista,attack,centre,am_t_a_c,0.1,0.1,1,0.8,1,0.1,0.1,0.1,0.1,0.1,1,0.1,0.1,1,0.1,0.8,0.1,1,0.1,1,0.1,1,0.1,1,0.1,0.1,1,0.1,1,0.8,0.8,0.1,0.1,0.1,0.1,0.1,0,0,0,0,0,0,0,0,0,0,0
winger,winger,support,right,w_w_s_r,0.1,1,1,0.1,0.8,0.1,0.1,0.1,0.1,0.1,0.8,0.1,0.1,1,0.1,0.1,0.1,0.1,0.1,0.1,0.1,0.1,0.1,1,0.1,0.1,0.1,0.8,1,0.8,0.1,0.1,0.1,1,0.8,0.1,0,0,0,0,0,0,0,0,0,0,0
winger,winger,attack,right,w_w_a_r,0.1,1,1,0.1,0.8,0.1,0.1,0.1,0.1,0.1,0.8,0.1,0.1,1,0.1,0.8,0.1,0.1,0.1,0.1,0.1,0.8,0.1,1,0.1,0.1,0.1,0.8,1,0.8,0.1,0.1,0.1,1,0.1,0.1,0,0,0,0,0,0,0,0,0,0,0
winger,winger,support,left,w_w_s_l,0.1,1,1,0.1,0.8,0.1,0.1,0.1,0.1,0.1,0.8,0.1,0.1,1,0.1,0.1,0.1,0.1,0.1,0.1,0.1,0.1,0.1,1,0.1,0.1,0.1,0.8,1,0.8,0.1,0.1,0.1,1,0.8,0.1,0,0,0,0,0,0,0,0,0,0,0
winger,winger,attack,left,w_w_a_l,0.1,1,1,0.1,0.8,0.1,0.1,0.1,0.1,0.1,0.8,0.1,0.1,1,0.1,0.8,0.1,0.1,0.1,0.1,0.1,0.8,0.1,1,0.1,0.1,0.1,0.8,1,0.8,0.1,0.1,0.1,1,0.1,0.1,0,0,0,0,0,0,0,0,0,0,0
winger,inside_forward,support,right_inverted,w_if_s_ri,0.1,0.1,1,1,1,0.1,0.1,0.8,0.1,0.1,0.8,0.1,0.1,1,0.1,0.8,0.1,0.8,0.1,0.1,0.1,0.8,0.1,1,0.1,0.1,0.8,0.8,1,1,0.8,0.1,0.1,0.8,0.8,0.1,0,0,0,0,0,0,0,0,0,0,0
winger,inside_forward,attack,right_inverted,w_if_a_ri,0.1,0.1,1,1,1,0.1,0.1,0.8,0.1,0.1,0.8,0.1,0.1,1,0.1,1,0.1,0.8,0.1,0.1,0.1,0.8,0.1,1,0.1,0.1,0.1,0.8,1,1,0.8,0.1,0.1,0.8,0.8,0.1,0,0,0,0,0,0,0,0,0,0,0
winger,inside_forward,support,left_inverted,w_if_s_li,0.1,0.1,1,1,1,0.1,0.1,0.8,0.1,0.1,0.8,0.1,0.1,1,0.1,0.8,0.1,0.8,0.1,0.1,0.1,0.8,0.1,1,0.1,0.1,0.8,0.8,1,1,0.8,0.1,0.1,0.8,0.8,0.1,0,0,0,0,0,0,0,0,0,0,0
winger,inside_forward,attack,left_inverted,w_if_a_li,0.1,0.1,1,1,1,0.1,0.1,0.8,0.1,0.1,0.8,0.1,0.1,1,0.1,1,0.1,0.8,0.1,0.1,0.1,0.8,0.1,1,0.1,0.1,0.1,0.8,1,1,0.8,0.1,0.1,0.8,0.8,0.1,0,0,0,0,0,0,0,0,0,0,0
winger,inverted_winger,support,right_inverted,w_iw_s_ri,0.1,0.8,1,0.1,0.8,0.1,0.1,0.8,0.1,0.1,1,0.1,0.1,1,0.1,0.1,0.1,0.8,0.1,0.8,0.1,0.1,0.1,1,0.1,0.1,0.8,0.8,1,0.8,0.1,0.1,0.1,0.8,0.8,0.1,0,0,0,0,0,0,0,0,0,0,0
winger,inverted_winger,attack,right_inverted,w_iw_a_ri,0.1,0.8,1,0.1,0.8,0.1,0.1,0.8,0.1,0.1,1,0.1,0.1,1,0.1,0.8,0.1,0.8,0.1,0.8,0.1,0.8,0.1,1,0.1,0.1,0.8,0.1,1,1,0.1,0.1,0.1,0.8,0.1,0.1,0,0,0,0,0,0,0,0,0,0,0
winger,inverted_winger,support,left_inverted,w_iw_s_li,0.1,0.8,1,0.1,0.8,0.1,0.1,0.8,0.1,0.1,1,0.1,0.1,1,0.1,0.1,0.1,0.8,0.1,0.8,0.1,0.1,0.1,1,0.1,0.1,0.8,0.8,1,0.8,0.1,0.1,0.1,0.8,0.8,0.1,0,0,0,0,0,0,0,0,0,0,0
winger,inverted_winger,attack,left_inverted,w_iw_a_li,0.1,0.8,1,0.1,0.8,0.1,0.1,0.8,0.1,0.1,1,0.1,0.1,1,0.1,0.8,0.1,0.8,0.1,0.8,0.1,0.8,0.1,1,0.1,0.1,0.8,0.1,1,1,0.1,0.1,0.1,0.8,0.1,0.1,0,0,0,0,0,0,0,0,0,0,0
winger,raumdeuter,attack,right,w_r_a_r,0.1,0.1,0.1,1,0.8,0.1,0.1,0.1,0.1,0.1,0.1,0.1,0.1,0.8,0.1,1,0.1,1,1,1,0.1,0.1,0.1,1,0.1,0.1,0.1,0.8,0.8,0.1,1,0.1,0.1,0.1,0.8,0.1,0,0,0,0,0,0,0,0,0,0,0
winger,raumdeuter,attack,left,w_r_a_l,0.1,0.1,0.1,1,0.8,0.1,0.1,0.1,0.1,0.1,0.1,0.1,0.1,0.8,0.1,1,0.1,1,1,1,0.1,0.1,0.1,1,0.1,0.1,0.1,0.8,0.8,0.1,1,0.1,0.1,0.1,0.8,0.1,0,0,0,0,0,0,0,0,0,0,0
winger,wide_target_forward,support,right,w_wtf_s_r,0.1,0.8,0.1,0.1,0.8,0.1,1,0.1,0.1,0.1,0.1,0.1,0.1,0.1,0.1,0.8,1,0.1,0.1,0.1,0.1,0.1,0.1,0.8,0.1,1,0.1,0.8,0.1,0.1,0.8,1,0.1,0.1,0.8,1,0,0,0,0,0,0,0,0,0,0,0
winger,wide_target_forward,attack,right,w_wtf_a_r,0.1,0.8,0.1,0.8,0.8,0.1,1,0.1,0.1,0.1,0.1,0.1,0.1,0.1,0.1,0.8,1,0.1,0.1,0.1,0.1,0.1,0.1,1,0.1,0.8,0.1,0.8,0.1,0.1,0.8,1,0.1,0.1,0.8,1,0,0,0,0,0,0,0,0,0,0,0
winger,wide_target_forward,support,left,w_wtf_s_l,0.1,0.8,0.1,0.1,0.8,0.1,1,0.1,0.1,0.1,0.1,0.1,0.1,0.1,0.1,0.8,1,0.1,0.1,0.1,0.1,0.1,0.1,0.8,0.1,1,0.1,0.8,0.1,0.1,0.8,1,0.1,0.1,0.8,1,0,0,0,0,0,0,0,0,0,0,0
winger,wide_target_forward,attack,left,w_wtf_a_l,0.1,0.8,0.1,0.8,0.8,0.1,1,0.1,0.1,0.1,0.1,0.1,0.1,0.1,0.1,0.8,1,0.1,0.1,0.1,0.1,0.1,0.1,1,0.1,0.8,0.1,0.8,0.1,0.1,0.8,1,0.1,0.1,0.8,1,0,0,0,0,0,0,0,0,0,0,0
winger,advanced_playmaker,support,right,w_ap_s_r,0.1,0.1,0.8,0.1,1,0.1,0.1,0.1,0.1,0.1,1,0.1,0.1,1,0.1,0.8,0.1,1,0.1,1,0.1,0.8,0.1,1,0.1,1,1,0.1,0.1,0.8,0.1,0.1,0.1,0.1,0.1,0.1,0,0,0,0,0,0,0,0,0,0,0
winger,advanced_playmaker,attack,right,w_ap_a_r,0.1,0.1,1,0.1,1,0.1,0.1,0.1,0.1,0.1,1,0.1,0.1,1,0.1,0.8,0.1,1,0.1,1,0.1,0.8,0.1,1,0.1,1,1,0.1,0.8,0.8,0.1,0.1,0.1,0.1,0.1,0.1,0,0,0,0,0,0,0,0,0,0,0
winger,advanced_playmaker,support,left,w_ap_s_l,0.1,0.1,0.8,0.1,1,0.1,0.1,0.1,0.1,0.1,1,0.1,0.1,1,0.1,0.8,0.1,1,0.1,1,0.1,0.8,0.1,1,0.1,1,1,0.1,0.1,0.8,0.1,0.1,0.1,0.1,0.1,0.1,0,0,0,0,0,0,0,0,0,0,0
winger,advanced_playmaker,attack,left,w_ap_a_l,0.1,0.1,1,0.1,1,0.1,0.1,0.1,0.1,0.1,1,0.1,0.1,1,0.1,0.8,0.1,1,0.1,1,0.1,0.8,0.1,1,0.1,1,1,0.1,0.8,0.8,0.1,0.1,0.1,0.1,0.1,0.1,0,0,0,0,0,0,0,0,0,0,0
winger,trequartista,attack,right,w_t_a_r,0.1,0.1,1,0.8,1,0.1,0.1,0.1,0.1,0.1,1,0.1,0.1,1,0.1,0.8,0.1,1,0.1,1,0.1,1,0.1,1,0.1,0.1,1,0.1,1,0.8,0.8,0.1,0.1,0.1,0.1,0.1,0,0,0,0,0,0,0,0,0,0,0
winger,trequartista,attack,left,w_t_a_l,0.1,0.1,1,0.8,1,0.1,0.1,0.1,0.1,0.1,1,0.1,0.1,1,0.1,0.8,0.1,1,0.1,1,0.1,1,0.1,1,0.1,0.1,1,0.1,1,0.8,0.8,0.1,0.1,0.1,0.1,0.1,0,0,0,0,0,0,0,0,0,0,0
striker,pressing_forward,defend,centre,s_pf_d_c,0.1,0.1,0.1,0.1,0.8,0.1,0.1,0.1,0.1,0.1,0.1,0.1,0.1,0.1,1,1,1,0.8,0.8,1,0.1,0.1,0.1,0.1,0.1,1,0.1,1,1,0.8,0.8,0.1,0.1,1,1,0.8,0,0,0,0,0,0,0,0,0,0,0
striker,pressing_forward,support,centre,s_pf_s_c,0.1,0.1,0.1,0.1,0.8,0.1,0.1,0.1,0.1,0.1,0.8,0.1,0.1,0.1,1,1,1,0.8,0.8,1,0.1,0.1,0.1,0.8,0.1,1,0.1,1,1,0.8,0.8,0.1,0.1,1,1,0.8,0,0,0,0,0,0,0,0,0,0,0
striker,pressing_forward,attack,centre,s_pf_a_c,0.1,0.1,0.1,0.8,0.8,0.1,0.1,0.1,0.1,0.1,0.1,0.1,0.1,0.1,1,1,1,0.8,0.8,0.8,0.1,0.1,0.1,1,0.1,1,0.1,1,1,0.8,0.8,0.1,0.1,1,1,0.8,0,0,0,0,0,0,0,0,0,0,0
striker,advanced_forward,attack,centre,s_af_a_c,0.1,0.1,1,1,1,0.1,0.1,0.1,0.1,0.1,0.8,0.1,0.1,1,0.1,0.8,0.1,1,0.1,0.8,0.1,0.1,0.1,1,0.1,0.1,0.1,0.8,1,0.8,0.8,0.1,0.1,0.8,0.8,0.1,0,0,0,0,0,0,0,0,0,0,0
striker,target_forward,support,centre,s_tf_s_c,0.1,0.1,0.1,0.8,0.8,0.1,1,0.1,0.1,0.1,0.1,0.1,0.1,0.1,0.8,0.8,1,0.8,0.1,0.8,0.1,0.1,0.1,0.8,0.1,1,0.1,0.1,0.1,0.1,1,1,0.1,0.1,0.1,1,0,0,0,0,0,0,0,0,0,0,0
striker,target_forward,attack,centre,s_tf_a_c,0.1,0.1,0.1,1,0.8,0.1,1,0.1,0.1,0.1,0.1,0.1,0.1,0.1,0.8,0.8,1,1,0.1,0.8,0.1,0.1,0.1,1,0.1,0.8,0.1,0.1,0.1,0.1,1,1,0.1,0.1,0.1,1,0,0,0,0,0,0,0,0,0,0,0
striker,deep_lying_forward,support,centre,s_dlf_s_c,0.1,0.1,0.1,0.8,1,0.1,0.1,0.1,0.1,0.1,1,0.1,0.1,1,0.1,0.8,0.1,1,0.1,1,0.1,0.8,0.1,1,0.1,1,0.8,0.1,0.1,0.1,0.8,0.1,0.1,0.1,0.1,0.8,0,0,0,0,0,0,0,0,0,0,0
striker,deep_lying_forward,attack,centre,s_dlf_a_c,0.1,0.1,0.8,0.8,1,0.1,0.1,0.1,0.1,0.1,1,0.1,0.1,1,0.1,0.8,0.1,1,0.1,1,0.1,0.8,0.1,1,0.1,1,0.8,0.1,0.1,0.1,0.8,0.1,0.1,0.1,0.1,0.8,0,0,0,0,0,0,0,0,0,0,0
striker,poacher,attack,centre,s_p_a_c,0.1,0.1,0.1,1,0.8,0.1,0.8,0.1,0.1,0.1,0.1,0.1,0.1,0.8,0.1,1,0.1,1,0.1,0.8,0.1,0.1,0.1,1,0.1,0.1,0.1,0.1,0.8,0.1,0.1,0.1,0.1,0.1,0.1,0.1,0,0,0,0,0,0,0,0,0,0,0
striker,false_nine,support,centre,s_fn_s_c,0.1,0.1,1,0.8,1,0.1,0.1,0.1,0.1,0.1,1,0.1,0.1,1,0.1,0.8,0.1,1,0.1,1,0.1,0.8,0.1,1,0.1,0.8,1,0.1,1,1,0.8,0.1,0.1,0.1,0.1,0.1,0,0,0,0,0,0,0,0,0,0,0
striker,trequartista,attack,centre,s_t_a_c,0.1,0.1,1,0.8,1,0.1,0.1,0.1,0.1,0.1,1,0.1,0.1,1,0.1,0.8,0.1,1,0.1,1,0.1,1,0.1,1,0.1,0.1,1,0.1,1,0.8,0.8,0.1,0.1,0.1,0.1,0.1,0,0,0,0,0,0,0,0,0,0,0
striker,complete_forward,support,centre,s_cf_s_c,0.1,0.1,1,0.8,1,0.1,1,1,0.1,0.1,1,0.1,0.1,1,0.1,1,0.1,1,0.1,1,0.1,0.1,0.1,1,0.1,0.8,1,0.8,1,1,0.8,0.8,0.1,0.8,0.8,1,0,0,0,0,0,0,0,0,0,0,0
striker,complete_forward,attack,centre,s_cf_a_c,0.1,0.1,1,1,1,0.1,1,0.8,0.1,0.1,0.8,0.1,0.1,1,0.1,1,0.1,1,0.1,0.8,0.1,0.1,0.1,1,0.1,0.8,0.8,0.8,1,1,0.8,0.8,0.1,0.8,0.8,1,0,0,0,0,0,0,0,0,0,0,0
